Activity_ID,Title,Module,Order,caption,time,Video_link,Content or Question Id
337361,Welcome to Reboot111,1,1,Welcome message by Dr Roizen.,2,https://vimeo.com/802356255,98
337362,What’s Inside,1,2,,2,https://vimeo.com/802356389,99
337363,The Fab Four,1,4,,2,https://vimeo.com/802355593,100
337364,Set Your Goal,1,5,Setting your Goal,1,https://vimeo.com/802350997,101
337365,Get Connected,1,7,,1,tasks/permission_steps.json,102
337366,Notifications,1,8,The Reboot app can help you stay on track!,1,tasks/permission_notifications.json,103
337367,Why Subscribe?,1,101,,1,tasks/subs_doItNow.json,
337368,You Can Do This!,1,102,,1,tasks/quit_plan_day_40.json,
337369,You're Doing It!,1,103,,1,tasks/quit_plan_day_60.json,
337370,Say Goodbye to High BMI,1,2109,,2,tasks/diet_bmi_cond_sayGoodbyeToHighBMI.json,
337371,Mega Quiz,1,2205,,0,tasks/quiz_Mega_quiz.json,
337372,"In the Kitchen: Blueberry, Prune, Fig & Basalmic Dressing",1,2305,,1,tasks/diet_recipe_blueberryFigDressingVideo.json,
337373,Breathe Free,1,2713,QUIT & TRACK,0,tasks/smoking_breathe_free.json,
337374,Enter Your Waist-to-Height,1,3103,,1,tasks/enter_your_waist_to_height.json,
337375,Sizing-Up Your BMI,1,3204,,1,tasks/diet_bmi_checkin_sizing_up.json,
337376,Keep an Eye on BMI,1,6503,,2,tasks/cond_Keep_an_Eye_On_BMI.json,
337377,A Measured Approach,1,6505,,2,tasks/cond_A_Measured_Approach.json,
337378,Track Your Vax,1,9701,,1,tasks/lesson_Track_Your_Vax.json,
337379,Thank you for Subscribing,1,9801,,2,tasks/video_thanks_for_subs.json,
337380,Thank you for Subscribing Annual,1,9802,,2,tasks/video_thanks_for_subs_annual.json,
337381,Free to Breathe,1,9803,,2,tasks/video_Breathe_Free.json,
337382,Day 2 Hurray,1,9905,,1,tasks/quit_plan_day_2.json,
337383,Day 27 Wow,1,9906,,1,tasks/quit_plan_day_27.json,
337384,Day 28 Celebrate,1,9907,,1,tasks/quit_plan_day_28.json,
337385,Today's the Day,1,9908,,1,tasks/quit_plan_day_30.json,
337386,5 Days Free,1,9909,,1,tasks/quit_plan_day_5_day_free.json,
337387,Smoke Check,1,9910,,1,tasks/quit_plan_smoke_check.json,
337388,Patch-Less,1,9911,,1,tasks/quit_plan_patch_less.json,
337389,60 Days Free,1,9912,,1,tasks/quit_plan_60_days_free.json,
337390,Check-In and Quit,1,9913,,1,tasks/quit_plan_check_in_out.json,
337391,Nicotine Free,1,9914,,1,tasks/quit_plan_nicotine_free.json,
337392,Quit Check,1,9915,,1,tasks/quit_plan_quit_check.json,
337393,Whoo-hoo! 30 Days!,1,9916,,1,tasks/quit_plan_video_day_30.json,
337394,"1,2,3 Breathe",1,9917,,1,tasks/reminder_123Breathe.json,
337395,YOU DID IT!,1,9918,,1,tasks/video_you_did_it.json,
337396,Breathe Free Club,1,9919,,1,tasks/video_breathe_free_club.json,
337397,120 Days Free,1,9920,,1,tasks/video_120_days_free.json,
337398,Half Way There!,1,9921,,1,tasks/video_Half_Way_There.json,
337399,Fantastic 45,1,9922,,1,tasks/video_Fantastic_45.json,
337400,Bupropion and Its Effects,1,9923,,1,tasks/quit_plan_day_28_bupropion.json,
337401,Sample Audio Lesson,1,10000,,1,tasks/oliver_task_test.json,
337402,Welcome Back,2,1,Welcome back! Let's get going.,1,https://vimeo.com/802356216,104
337403,Slow and Steady,2,2,,1,https://vimeo.com/802354921,105
337404,The 5 Pillars,2,3,,1,https://vimeo.com/802355567,106
337405,5 Pillars: Physical Activity,2,4,,2,https://vimeo.com/802348104,107
337406,Talk to Your Doc,2,5,,1,tasks/physact_10k_lesson_talkToYourDoc.json,108
337407,The Right Time,3,1,,2,https://vimeo.com/802355637,109
337408,5 Pillars: Nutrition,3,2,,3,https://vimeo.com/manage/videos/802348052,110
337409,Daylight Eating,3,3,,1,tasks/lesson_EatWhenTheSunIsUp.json,111
337410,You Stepped Up!,3,11,,1,tasks/cond_MadeStepGoalYesterday.json,
337411,One Small Step!,3,12,,1,tasks/cond_FailedStepGoalYesterday.json,
337412,Eat When the Sun Is Up,3,20,HABIT BUILDER,0,tasks/habit_Eat_sun_up.json,
337413,App Review,3,23,,1,tasks/app_review.json,
337414,33 Things for Your Brain,4,1,,3,https://vimeo.com/manage/videos/802348441,112
337415,Brain + BP,4,2,,2,https://vimeo.com/manage/videos/802349872,113
337416,Inspiratory Resistance,4,3,,2,https://vimeo.com/manage/videos/802351901,114
337417,Brain + Cholesterol,5,1,,3,https://vimeo.com/manage/videos/802349913,115
337418,Cholesterol Lowdown,5,2,,2,tasks/6plus2_cholesterol_lesson_cholesterol-intro.json,116
337419,Control Cholesterol,5,3,,2,https://vimeo.com/manage/videos/802350591,117
337420,Happy Cholesterol,5,4,,4,tasks/lesson_Cholesterol_quiz.json,118
337421,5-Day Survey,5,5,FEEDBACK,1,tasks/survey_Day5.json,119
337422,Consider Subscribing,5,14,,1,tasks/subscribe_Consider.json,
337423,Brain + BMI,6,1,,2,https://vimeo.com/manage/videos/802349827,120
337424,To BMI or Not to BMI,6,2,,3,tasks/diet_bmi_lesson_healthyWeightIntro.json,121
337425,Measure Up!,6,3,,2,tasks/diet_bmi_lesson_waistToHeight.json,122
337426,Brain + Blood Sugar,7,1,,3,https://vimeo.com/manage/videos/802349792,123
337427,Well Measured,7,2,,2,tasks/diet_bmi_lesson_wellMeasured.json,124
337428,Mind Your Middle,7,3,,2,tasks/quiz_mind_your_midle.json,125
337429,Role of Supplements,8,1,,4,https://vimeo.com/manage/videos/802354394,126
337430,Aspirin Actually,8,2,,5,https://vimeo.com/manage/videos/802348595,127
337431,{{ medication_goal }} Medications,8,3,BODY,0,tasks/medication_tracker.json,
337432,5 Pillars: Stress,9,1,,1,https://vimeo.com/manage/videos/802348231,128
337433,Brain + Stress,9,2,,2,https://vimeo.com/manage/videos/802349976,129
337434,The ABCs of ASA,9,3,,3,tasks/lesson_aspirin_ABC_of_ASA.json,130
337435,Insulin Resistance Intro,10,1,,4,https://vimeo.com/manage/videos/802355973,131
337436,Reverse Pre-Diabetes,10,2,,3,https://vimeo.com/manage/videos/802354359,132
337437,An Aspirin a Day,10,3,,3,tasks/lesson_aspirin_a_day.json,133
337438,The ASA Way,11,1,,4,tasks/quiz_aspirin_ASA_way.json,
337439,5 Pillars: Brain Health,11,2,,2,https://vimeo.com/manage/videos/802347991,
337440,Brain Games,11,3,,2,tasks/lesson_BrainGames.json,
337441,Brain Game Time Log,11,11,BRAIN HQ,1,tasks/progressbar_log_brainhq.json,
337442,From the Heart,11,12,,2,tasks/lesson_from_the_heart.json,
337443,Take It to Heart,11,13,,2,tasks/lesson_take_it_to_heart.json,
337444,Chocolate Strawberries,11,14,,1,tasks/recipe_dark_chocolate_dripped_strawberries.json,
337445,5 Pillars: Sleep,12,1,,2,https://vimeo.com/manage/videos/802348166,
337446,Catching Your Zzzs,12,2,,2,tasks/lesson_catchingYourZzs.json,
337447,Sweet Dreams,12,3,,3,tasks/lesson_SweetDreams.json,
337448,Sleep Quality,12,4,,5,tasks/pittsburgh_sleep_quality_index.json,
337449,Captain’s Sleep Log,12,6,,1,tasks/lesson_IntroToSleepLogging.json,
337450,Grant Sleep Permissions,12,7,,1,tasks/permission_sleeps.json,
337451,Counting Sheep,12,8,KEEP TRACK OF SLEEP,1,tasks/progressbar_log_sleep.json,
337452,Story 6+2s - history,13,1,,2,https://vimeo.com/manage/videos/802355148,
337453,What 6+2s Are,13,2,,2,https://vimeo.com/manage/videos/802348367,
337454,Benefits of Stress Management,14,1,,2,https://vimeo.com/manage/videos/802348729,
337455,Stress Less Check-In,14,2,,2,tasks/stress_lesson_stressCheckin.json,
337456,Let's Talk About Stress,14,3,,2,tasks/stress_lesson_stressManagementRecap.json,
337457,Get Up from Sitting,14,4,,1,https://vimeo.com/manage/videos/802353637,
337458,BP Matters,15,1,,3,https://vimeo.com/manage/videos/802349579,
337459,BP Under Control,15,2,,3,https://vimeo.com/manage/videos/802349754,
337460,BP for Good Measure,15,3,,2,https://vimeo.com/manage/videos/802349440,
337461,Under Pressure,15,4,,2,tasks/6PL2_lesson_summaryOfActionSteps.json,
337462,Measure BP,15,11,YOUR VITALS,1,https://vimeo.com/manage/videos/802349178,
337463,Re-Flu,15,13,,0,tasks/lesson_Re_Flu.json,
337464,Multivitamins Intro,16,1,,3,https://vimeo.com/manage/videos/802353253,
337465,Magic Multivitamins,16,2,,2,tasks/suppl_multi_lesson_magicMultivitamins.json,
337466,Multi Must-Haves,16,3,,2,tasks/suppl_multi_lesson_multiMustHaves.json,
337467,The Right Amount,16,4,,4,tasks/quiz_right_amount.json,
337468,10K Walking Buddies,16,5,,2,tasks/physact_10k_lesson_walkingBuddies.json,
337469,Rejuv & Regen,16,6,,2,tasks/physact_general_lesson_rejuvAndRegen.json,
337470,Reboot Magna-Boost,16,7,,3,tasks/lesson_magne_boost.json,
337471,ASA Check-in,17,1,,2,tasks/lesson_aspirin_ASA_check_in.json,
337472,ASA Tips,17,2,,2,tasks/lesson_aspirin_ASA_tips.json,
337473,Cholesterol Recap,17,11,,2,tasks/lesson_Cholesterol_recap.json,
337474,High LDL,17,12,,2,tasks/cond_HighLDL.json,
337475,Stress is a 6 Normals +2,18,1,,1,https://vimeo.com/manage/videos/802355148,
337476,Spiritual Stress Relief,18,2,,2,tasks/stress_lesson_spirituality-and-religion.json,
337477,Eat to Succeed,19,2,,2,tasks/6plus2_InsRes_lesson_nonFadDiet.json,
337478,Let's Get Physical,19,3,,2,tasks/6plus2_InsRes_lesson_letsGetPhysical.json,
337479,Not Doing Eat Sun,19,7,,2,tasks/cond_NotDoingEatSun.json,
337480,Sleep Review,20,1,,2,tasks/sleep_general_lesson_review.json,
337481,Sweet Sleep,20,2,,1,tasks/cond_JustEnoughSleep.json,
337482,"Little Sleep, Lots of Aging",20,3,,1,tasks/cond_TooLittleSleep.json,
337483,Sleep Aging,20,4,,1,tasks/cond_TooMuchSleep.json,
337484,Debug Your Sleep,20,5,,2,tasks/cond_SleepDebug.json,
337485,M to ZZZ,20,6,,2,tasks/suppl_melatonin_lesson_mToZzz.json,
337486,LDL Recall,20,7,,2,tasks/6plus2_cholesterol_lesson_ldlRecall.json,
337487,CoQ10 Out of 10,21,1,,1,tasks/suppl_coq10_lesson_coq10OutOf10.json,
337488,We Heart CoQ10,21,2,,1,tasks/suppl_coq10_lesson_weHeartCoq10.json,
337489,An Energetic Quiz,21,3,,2,tasks/quiz_an_enenrgetic_quiz.json,
337490,Track 'Em All!,21,11,,2,tasks/diet_bmi_WtoH_tracker.json,
337491,Time to Track,21,12,,2,tasks/enter_your_bmi.json,
337492,Mutual Love,22,1,,1,https://vimeo.com/manage/videos/802353299,
337493,Foods that Love You,22,2,,2,tasks/diet_imf_lesson_foodsThatLoveYou.json,
337494,Mighty Omega-3,22,3,,2,tasks/suppl_omega3_lesson_mightyOmega3.json,
337495,Mega Omega-3,22,4,,2,tasks/suppl_omega3_lesson_megaOmega3.json,
337496,Mega Tips,22,5,,2,tasks/suppl_omega3_lesson_megaTips.json,
337497,Omega-6 vs Omega-3,22,6,,2,tasks/suppl_omega3_lesson_omega6vsOmega3.json,
337498,Not Doing Brain,22,7,,2,tasks/cond_NotDoingBrain.json,
337499,BP on Track,22,11,,2,tasks/lesson_BP_on_track.json,
337500,Track BP,22,12,YOUR VITALS,1,tasks/bp_tracker.json,
337501,BP Normal,22,13,,1,tasks/lesson_video_bp_normal.json,
337502,Elevated BP,22,14,,1,tasks/lesson_video_BP_Elevated.json,
337503,Stage 1,22,15,,5,tasks/bp_stage1_v2.json,
337504,Stage 2,22,16,,5,tasks/bp_stage2_v2.json,
337505,Low BP,22,18,,3,tasks/bp_low_short_v2.json,
337506,Mediterranean Love,23,1,,2,https://vimeo.com/manage/videos/802352877,
337507,Eat “Mediterranean”,23,2,,2,tasks/diet_mediterranean_lesson_eatMediterranean.json,
337508,Mediterranea-Yummm!,23,3,,2,tasks/diet_mediterranean_lesson_mediterranea-yummm.json,
337509,Blueberry Fig Dressing,23,4,,1,https://vimeo.com/manage/videos/802351134,
337510,BP Normal 2,23,11,,1,tasks/lesson_video_BP_normal_second.json,
337511,BP Elevated 2,23,12,,1,tasks/lesson_video_BP_elevated_second.json,
337512,Stage 1 BP 2,23,13,,1,tasks/lesson_video_stage1_bp_second.json,
337513,Stage 2 BP 2,23,14,,1,tasks/lesson_video_stage2_bp_second.json,
337514,Hypertensive Crisis 2,23,15,,1,tasks/lesson_video_hypertensive_crisis_second.json,
337515,Low BP 2,23,16,,1,tasks/lesson_video_low_bp_second.json,
337516,The Beauty of IMF,24,1,,3,https://vimeo.com/manage/videos/802348681,
337517,Intermittent Fasting,24,3,,2,tasks/diet_imf_lesson_imfIntro.json,
337518,Fasting with Benefits,24,4,,2,tasks/diet_imf_lesson_fastingWithBenefits.json,
337519,Why Not Give it a Try?,24,5,,2,tasks/diet_imf_lesson_giveItATry.json,
337520,Smoke Signals,25,1,,2,tasks/lesson_smoke_signals.json,
337521,Want to Give up Tobacco?,25,2,,1,tasks/quit_plan_want_quit_tobacco.json,
337522,Smoke or Vape,25,3,,3,tasks/quiz_smoke_or_vape.json,
337523,Escape Vaping,25,5,,2,tasks/lesson_escape_vaping.json,
337524,The Age of Smoking,25,6,,2,tasks/lesson_age_of_smoking.json,
337525,Recall Nicotine,25,7,,2,tasks/quiz_recall_nicotine.json,
337526,Update Immunity,26,2,,2,tasks/lesson_update_immunity.json,
337527,Vax 50+,26,3,,2,tasks/6plus2_vax_lesson_vax50plus.json,
337528,Vax under 50,26,4,,2,tasks/6plus2_vax_lesson_vaxUnder50.json,
337529,Hello Immunity,26,5,,2,tasks/quiz_hello_immunity.json,
337530,It’s Quittin’ Time,26,11,,2,tasks/lesson_quittin_time.json,
337531,Smokeology,26,12,,2,tasks/lesson_smokeology.json,
337532,Trade in Smoking,26,13,,2,tasks/lesson_trade_in_smoking.json,
337533,Power of Perception,27,1,,1,tasks/stress_lesson_powerOfPerception.json,
337534,Peace of Mind-fulness,27,2,,4,tasks/lesson_StressManagement_2.json,
337535,When Stress Goes Bad,27,3,,4,tasks/stress_perceived_control_quiz.json,
337536,Daily Meditation,27,4,MIND,3,tasks/activity_Meditate.json,
337537,Glucose Brain Drain,27,5,,1,tasks/lesson_sugar_glucose_BrainDrain.json,
337538,Get Ready to Be Younger,27,11,,2,tasks/video_Get_Ready_to_Be_Younger.json,
337539,5-Part Quit Plan,27,12,,1,tasks/lesson_5_part_quit_plan.json,
337540,High General Stress,27,14,,2,tasks/cond_HighLevelOfStress.json,
337541,Low Level of Stress,27,15,,2,tasks/cond_LowLevelOfStress.json,
337542,Elevated Stress,27,16,,1,tasks/cond_ElevatedStress.json,
337543,Lean Mean Creatine,28,1,,2,tasks/suppl_creatine_lesson_leanMeanCreatine.json,
337544,Creacharged,28,2,,2,tasks/suppl_creatine_lesson_creacharged.json,
337545,Your Daily Multi,28,4,,2,tasks/suppl_multi_lesson_yourDailyMulti.json,
337546,Wanna Track Your Creatine?,28,5,,1,tasks/suppl_creatine_lesson_track.json,
337547,Go Fish,29,1,,2,tasks/lesson_Go_Fish.json,
337548,Harissa Salmon How-To,29,2,,5,https://vimeo.com/manage/videos/802351705,
337549,Harissa-Baked Salmon,29,3,,2,tasks/diet_recipe_lesson_harissaBakedWildSalmon.json,
337550,Harissa Spice How-To,29,4,,6,https://vimeo.com/manage/videos/802351752,
337551,Harissa Spice Blend,29,5,,2,tasks/diet_recipe_harissaSpiceBlend.json,
337552,Crack the Nut Code,30,1,,2,tasks/diet_nuts_lesson_crackTheNutCode.json,
337553,Nutty and Sweet,30,2,,2,tasks/diet_nuts_lesson_nuttyAndSweet.json,
337554,To Be or Nut To Be,30,3,,1,tasks/diet_nuts_lesson_toBeOrNutToBe.json,
337555,Sleep & Mood,30,4,,2,tasks/sleep_general_lesson_sleepAndMood.json,
337556,Veggie Cross Off,31,1,,2,tasks/diet_veggies_lesson_VeggieCrossOff.json,
337557,Veggie Impact,31,2,,2,tasks/diet_veggies_lesson_VeggieImpact.json,
337558,Veggiegate,31,3,,2,tasks/diet_veggies_lesson_Veggiegate.json,
337559,Ready to Track?,31,11,,2,tasks/diet_bmi_ready_to_track.json,
337560,Refresh your BP,32,1,,2,tasks/lesson_refresh_your_BP.json,
337561,BP Once-Over,32,2,,2,tasks/6plus2_bloodPressure_lesson_checkin.json,
337562,Middle Management,32,3,,3,tasks/lesson_bmi_recap_middle_management.json,
337563,BP Ready,32,11,,1,tasks/bloodPressure_lesson_bp_ready.json,
337564,The Value of Money,33,1,Can money hurt you?,5,tasks/financialStress_1.json,
337565,Cents and Sensibility,33,2,,3,tasks/stress_finance_lesson_centsAndSensibility.json,
337566,Money Talk,33,3,,3,tasks/stress_finance_lesson_moneyTalk.json,
337567,Get Financially Fit,33,4,,3,tasks/stress_finance_lesson_getFinanciallyFit.json,
337568,Financial Stress 2,33,12,Why stress about financial stress?,5,tasks/financialStress_2.json,
337569,Financial Stress 3,33,13,It's Time to Tackle Your Finances,5,tasks/financialStress_3.json,
337570,Financial Stress 4,33,14,Tackling Financial Stress,5,tasks/financialStress_4.json,
337571,Eat—Fast—Repeat,34,1,,1,tasks/diet_imf_lesson_eatFastRepeat.json,
337572,Work Up a Sleep,35,2,,1,tasks/sleep_general_lesson_workUpaSleep.json,
337573,Dozing Dos,35,3,,1,tasks/lesson_Dozing_Dos.json,
337574,Take a Shot,35,4,,1,tasks/lesson_Take_Shot.json,
337575,Blood Glucose + Allulose,36,1,,3,https://vimeo.com/manage/videos/802348808,
337576,Insulin in Order,36,2,,1,tasks/6plus2_InsRes_lesson_insulinInOrder.json,
337577,Ready to Quit?,36,11,,3,tasks/reminder_ready_to_quit.json,
337578,Take Care with Alcohol,37,1,,1,tasks/diet_alcohol_lesson_takeCareWithAlcohol.json,
337579,Cheers to Years!,37,2,,2,tasks/diet_alcohol_lesson_cheersToYears.json,
337580,Alcohol Intake,37,3,,2,tasks/diet_alcohol_lesson_alcoholIntake.json,
337581,Drink in Longevity,38,1,,1,tasks/diet_water_lesson_drinkInLongevity.json,
337582,H2 Oh!,38,2,,1,tasks/diet_water_lesson_h2Oh.json,
337583,Stay Afloat,38,3,,2,tasks/quiz_Stay_Afloat.json,
337584,"Sugar, Sugar",39,1,,1,tasks/diet_sugar_lesson_sugarSugar.json,
337585,"Sugar, Alcohol—or Both?",39,2,,1,tasks/diet_sugar_lesson_sugarAlcoholOrBoth.json,
337586,Sweet AND Healthy,39,3,,1,tasks/diet_sugar_lesson_sweetAndHealthy.json,
337587,Vax Up,40,1,,1,https://vimeo.com/manage/videos/802356004,
337588,Vax Up-Date,40,2,,2,tasks/6plus2_vax_lesson_vaxUpDate.json,
337589,Get a Grip,40,3,,2,tasks/physact_grip_lesson_getAGrip.json,
337590,Immunity Check,40,5,,2,tasks/lesson_immunity_check.json,
337591,Grains: The Whole Truth,41,1,,1,tasks/lesson_Grains_Whole_Truth.json,
337592,Whole Grains Love You,41,2,,1,tasks/lesson_Whole_Grains_Love_You.json,
337593,Love Whole Grains,41,3,,2,tasks/quiz_love_your_whole_grains.json,
337594,Cruciferous Reload,41,4,,1,tasks/diet_veggies_lesson_cruciferousReload.json,
337595,Skin Deep,42,1,,1,tasks/other_skin_lesson_skinDeep.json,
337596,Skinconceptions,42,2,,1,tasks/other_skin_lesson_skinconceptions.json,
337597,Looking Good,42,3,,3,tasks/quiz_looking_good.json,
337598,Ancient Nutrient,43,1,,1,tasks/diet_acv_lesson_ancientNutrient.json,
337599,ACV and Your Health,43,2,,1,tasks/diet_acv_lesson_acvAndYourHealth.json,
337600,Add a Little ACV,43,3,,3,tasks/quiz_add_little_ACV.json,
337601,Learn to Love Legumes,44,1,,1,tasks/diet_legumes_lesson_learnToLoveLegumes.json,
337602,What Legumes Can Do,44,2,,1,tasks/diet_legumes_lesson_whatLegumesCanDo.json,
337603,Good for You,44,3,,1,tasks/diet_legumes_lesson_goodForYou.json,
337604,Baked Beans,44,4,,3,tasks/diet_recipe_baked_beans.json,
337605,Age-Less Tunes,45,1,,1,tasks/stress_music_lesson_agelessTunes.json,
337606,Hit Record,45,2,,1,tasks/quiz_hit_record.json,
337607,Musical Impacts,45,3,,1,tasks/stress_music_lesson_musicalImpacts.json,
337608,Engineer Your Biome,46,1,,3,https://vimeo.com/manage/videos/802350835,
337609,Trust Your Gut,46,2,,1,tasks/diet_microbiome_lesson_trustYourGut.json,
337610,Benevolent Bacteria,46,3,,1,tasks/diet_microbiome_lesson_benevolentBacteria.json,
337611,Boost Your Biome,46,4,,5,tasks/quiz_boost_your_biome.json,
337612,Bold Broccoli,47,1,,1,tasks/diet_veggies_lesson_boldBroccoli.json,
337613,Brilliant Broccoli,47,2,,1,tasks/diet_veggies_lesson_brilliantBroccoli.json,
337614,Broccolicious,47,3,,1,tasks/diet_veggies_lesson_broccolicious.json,
337615,Bean & Broccoli Salad,47,4,,1,tasks/diet_recipe_beanAndBroccoliSalad.json,
337616,Broccoli Satay,47,5,Achievement unlocked!,1,tasks/diet_recipe_broccoli_satay.json,
337617,Mike's Q&A - Daily Decisions,48,1,,1,tasks/general_lesson_dailyDecisions.json,
337618,Ask Dr. Mike,48,2,,1,tasks/general_lesson_askDrMike.json,
337619,Amazing Melatonin,48,3,,2,tasks/suppl_melatonin_lesson_amazingMelatonin.json,
337620,Beyond ZZZs,48,4,,2,tasks/quiz_mighty_melatonin.json,
337621,It’s Allulose Day!,49,1,,3,https://vimeo.com/manage/videos/802352321,
337622,A Sweet Escape,49,2,,1,tasks/diet_sugar_Lesson_aSweetEscape.json,
337623,Call in the Substitute,49,3,,2,tasks/diet_sugar_lesson_callInTheSubstitute.json,
337624,Sweet Tips,49,4,,2,tasks/quiz_Sweet_Tips.json,
337625,Raisin Reduction,49,5,,1,tasks/diet_recipe_raisin_reduction.json,
337626,Deeper than Skincare,50,1,,2,tasks/other_skin_lesson_deeperThanSkincare.json,
337627,Deeper Options,50,2,,2,tasks/other_skin_lesson_deeperOptions.json,
337628,Lines of the Times,50,3,,2,tasks/other_skin_lesson_lineOfTheTimes.json,
337629,Fill In the Lines,50,4,,2,tasks/other_skin_lesson_fillInTheLines.json,
337630,Dive Into nHBOT,51,1,,1,tasks/lesson_Dive_Into_nHBOT.json,
337631,Oxygen Impact,51,2,,1,tasks/lesson_Oxygen_Impact.json,
337632,One Stop nHBOT,51,3,,1,tasks/quiz_One_Stop_nHBOT.json,
337633,Update to Motivate,51,11,,1,tasks/diet_bmi_update_to_motivate.json,
337634,Find Out About Fiber,52,1,,1,tasks/lesson_Fiber_intro_FindOut_Fiber.json,
337635,Fiber Fights Diseases,52,2,,1,tasks/lesson_Fiber_ForYou_FightsDiseases.json,
337636,The High-Fiber Diet,52,3,,3,tasks/quiz_Fiber_benefits_HighFiber_Diet.json,
337637,H2O Yeah!,52,4,,2,tasks/recap_RecapWater.json,
337638,Recycle or Clear-Out,53,1,,3,tasks/lesson_InducedAutophagy_Introduction.json,
337639,Auto Magic,53,2,,1,tasks/lesson_InducedAutophagy_advantages.json,
337640,Induce It or Lose It,53,3,,2,tasks/quiz_induce_it_or_lose_it.json,
337641,Skin Check,54,1,,2,tasks/other_skin_lesson_skinCheck.json,
337642,Skin You're In,54,2,,2,tasks/other_skin_lesson_skinYoureIn.json,
337643,Q & A - Too Much Fiber?,55,1,,2,https://vimeo.com/manage/videos/802354266,
337644,Bacteria Brush-up,55,2,,2,tasks/diet_microbiome_lesson_bacteriaBrushUp.json,
337645,Hit Rewind,55,3,,2,tasks/stress_music_lesson_hitRewind.json,
337646,Busy B Vitamins,56,1,,2,tasks/suppl_vitB_lesson_busyBVitamins.json,
337647,Big B Benefits,56,2,,2,tasks/quiz_big_b_benefits.json,
337648,Whole Grains Revisited,56,3,,2,tasks/diet_wholeGrains_lesson_wholeGrainsRevisited.json,
337649,"Ready, Set, Quit",56,11,,3,tasks/reminder_ready_set_quit.json,
337650,Fats: Bad News & Good,57,1,,2,tasks/lesson_fats_bad_and_good_news.json,
337651,How to Shop for Fats,57,2,Achievement unlocked!,1,tasks/quiz_How_to_shop_for_fats.json,
337652,"Now, the Good News",57,3,,1,tasks/lesson_SaturatedFats_GoodNews.json,
337653,Re-cappuccino,58,1,,1,tasks/recap_diet_recappuccino.json,
337654,Sweet Again,58,3,,2,tasks/diet_sugar_lesson_sweetAgain.json,
337655,ACV Recap,58,4,,1,tasks/lesson_ACV_Recap.json,
337656,Hot in Here,59,1,,2,tasks/lesson_infrared_HotHere.json,
337657,Infra-Sweat,59,2,,3,tasks/lesson_infrared_impacts_infrasweat.json,
337658,Turn up the Dial,59,3,,2,tasks/quiz_Turn_up_the_Dial.json,
337659,Vax Facts,60,1,,2,tasks/lesson_Vaccines_VaxFacts.json,
337660,Vax Impacts,60,2,,3,tasks/lesson_Vaccine_Impacts.json,
337661,Vax Life Hacks,60,3,,3,tasks/quiz_Vax_Life_Hack.json,
337662,Resistance Training Day!,61,1,,3,https://vimeo.com/manage/videos/802354325,
337663,Resist Aging,61,2,,2,tasks/physact_resistance-training_lesson_intro.json,
337664,Hard to Resist Tips,61,3,,2,tasks/physact_resistance_hard_to_resist_tips.json,
337665,Quizistance,61,4,,5,tasks/lesson_quizistance.json,
337666,Progress for Success,61,11,,2,tasks/diet_bmi_progress_makes_perfect.json,
337667,Q & A – Mitigation Plan,62,1,,2,tasks/lesson_Video_QA_MitigationPlan.json,
337668,Broccoli Brush Up,62,2,,2,tasks/diet_recap_veggies_broccoli_brushup.json,
337669,Q & A – Exercise & Age,63,1,,5,https://vimeo.com/manage/videos/802353789,
337670,Auto Recall,63,3,,1,tasks/recap_inducedautophagy_auto_recall.json,
337671,Integrate vs. Isolate,64,1,,2,tasks/lesson_stress_social_Isolation_Integration.json,
337672,Friends with Benefits,64,2,,3,tasks/lesson_stress_social_FriendsBenefits.json,
337673,Social Steps,64,3,,2,tasks/quiz_Social_steps.json,
337674,Cancer and Your Diet,65,1,,1,tasks/lesson_Carcinogenic_Cancer_and_Diet.json,
337675,Cut Your Cancer Risk,65,2,,1,tasks/lesson_Carcinogenic_Lower_Cancer_Risk.json,
337676,Another Look at Fats,65,4,,2,tasks/recap_fats_another_look.json,
337677,Dr. Mike's Fav Foods,66,1,,2,tasks/lesson_diet_DrMike_Fav_Foods.json,
337678,Pesto Green Beans Recipe,66,2,,2,tasks/diet_recipe_PestoGreenBeans.json,
337679,Plasma Exchange,67,1,,2,tasks/lesson_TPE_PlasmaExchange.json,
337680,Your Younger Brain,67,2,,1,tasks/lesson_TPE_impacts_YoungerBrain.json,
337681,Life-Changing Decision,67,3,,3,tasks/quiz_Life_Changing_Decision.json,
337682,Bionic Bodies,68,1,,3,tasks/lesson_Bionics_Intro_and_Impacts.json,
337683,More Bionic Bodies,68,2,,1,tasks/lesson_Bionics_More_Bionic_Bodies.json,
337684,Bionic Benefits,68,3,,1,tasks/lesson_Bionics_Benefits.json,
337685,Rebooter's Choice,69,1,,2,tasks/lesson_decision_making_rebooterschoice.json,
337686,Do-It Doctrine,69,2,,3,tasks/quiz_Do_it_Doctrine.json,
337687,Q & A – Mental Health,70,1,,2,https://vimeo.com/manage/videos/802354038,
337688,Money Matters,70,2,,2,tasks/lesson_finance_money_matters.json,
337689,Bad Gluten,71,1,,1,tasks/lesson_Gluten_Intro_BadGluten.json,
337690,Fear Not,71,2,,1,tasks/quiz_Fear_Not.json,
337691,Surprising Metformin,72,1,,2,tasks/lesson_metformin_surprising_metformin.json,
337692,Metformin and You,72,2,,1,tasks/lesson_metformin_your_body.json,
337693,Is Metformin for You?,72,3,,3,tasks/quiz_Is_Metformin_for_you.json,
337694,"Fruit, Your Best Friend",73,1,,2,tasks/diet_lesson_fruit_bestfriend.json,
337695,Fruity Favorites,73,2,,2,tasks/diet_lesson_fruit_favorites.json,
337696,Turn On the Red Light,74,1,,2,tasks/lesson_rejuv_regen_turn_on_redlight.json,
337697,Red Light Benefits,74,2,,2,tasks/lesson_rejuv_regen_redlight_benefits.json,
337698,Keep It Up,74,3,,1,tasks/general_other_lesson_placeholder.json,
337699,Welcome to Gattaca,75,1,,1,tasks/lesson_DNA_intro_WelcomeGattaca.json,
337700,Real Life Sci-Fi,75,2,,2,tasks/lesson_DNA_impacts_RealLife_SciFi.json,
337701,Clean Your Genes,75,3,,1,tasks/quiz_Clean_your_Genes.json,
337702,Keep a Clean Kitchen,76,1,,1,tasks/lesson_clean_kitchen_intro.json,
337703,"Clean, Safe Kitchen",76,2,,1,tasks/lesson_clean_kitchen_recommendations.json,
337704,Vax Science Booster,76,3,,3,tasks/recap_vax_sciencebooster.json,
337705,Keep It Up,76,4,,1,tasks/general_other_lesson_placeholder.json,
337706,Q & A – Metformin,77,1,,3,https://vimeo.com/manage/videos/802354079,
337707,Reviewing TPE,77,2,,1,tasks/recap_TPE_reviewingTPE.json,
337708,Keep Your Teeth,78,1,,2,tasks/dental_lesson_keep_teeth.json,
337709,Ageless Smiles,78,2,,2,tasks/dental_lesson_ageless_smile.json,
337710,"Sweet, not a Potato",79,1,,1,tasks/diet_sweet_potatoes_benefits.json,
337711,Sweet Potato Delights,79,2,,1,tasks/diet_sweet_potatoes_recommendations.json,
337712,Sweet Potato Hummus,79,3,,1,tasks/diet_recipe_sweet_potato_hummus.json,
337713,Decidedly Recalling,79,4,,1,tasks/recap_DecisionMaking_Recalling.json,
337714,Summing-Up Gluten,80,4,,1,tasks/recap_Gluten_summingup.json,
337715,Keep It Up,81,1,,1,tasks/general_other_lesson_placeholder.json,
337716,"Breathe, Resist, Repeat",81,2,,1,tasks/lesson_inspiratory_resistance_intro.json,
337717,Inspi-ration,81,3,,2,tasks/lesson_inspiratory_resistance_impacts.json,
337718,Back to the Middle,81,11,,1,tasks/diet_bmi_back_to_the_middle.json,
337719,The Whole Tooth,82,1,,3,tasks/dental_lesson_whole_tooth.json,
337720,Keep It Up,82,2,,1,tasks/general_other_lesson_placeholder.json,
337721,Keep It Up,83,1,,1,tasks/general_other_lesson_placeholder.json,
337722,Amino Amigos,83,2,,1,tasks/lesson_amino_acids_amigos.json,
337723,Add Acid,83,3,,2,tasks/lesson_amino_acids_add_acid.json,
337724,Metformin Revisited,83,4,,1,tasks/recap_metformin_revisited.json,
337725,Q & A – Exercise & Rest,84,1,,4,tasks/lesson_video_QA_exercise_rest.json,
337726,DNA Replay,84,2,,1,tasks/recap_DNA_replay.json,
337727,Microgreens,85,1,,1,tasks/lesson_microgreens_intro.json,
337728,A Little Green,85,2,,1,tasks/lesson_microgreens_little_green.json,
337729,The Rap Zone,86,1,,2,tasks/lesson_rapamycin_rap_zone.json,
337730,Rap-Up Aging,86,2,,2,tasks/lesson_rapamycin_rap_up_aging.json,
337731,Ready 2 Quit?,86,11,,1,tasks/reminder_ready_2_quit.json,
337732,"Garlic: Food, Medicine",87,1,,3,tasks/lesson_garlic_food_medicine.json,
337733,Garlic in Your Diet,87,2,,1,tasks/lesson_garlic_in_diet.json,
337734,Colorful Is Healthful,88,1,,1,tasks/lesson_colorful_is_healthful.json,
337735,Finding Flavonoids,88,2,,2,tasks/lesson_finding_flavonoids.json,
337736,Join the Resistance!,89,1,,1,tasks/lesson_join_resistance.json,
337737,Keep Resisting!,89,2,,2,tasks/lesson_keep_resisting.json,
337738,Finding Resistance,90,1,,3,tasks/lesson_finding_resistance.json,
337739,Food for Thought,90,2,,1,tasks/lesson_food_for_thought.json,
337740,Q&A – Rapamycin,91,1,,3,tasks/lesson_video_QA_Rapamycin.json,
337741,Give Tracking A Try,91,11,,2,tasks/diet_bmi_give_tracking_a_try.json,
337742,Yo-Got It!,92,1,,2,tasks/lesson_yoga_got_it.json,
337743,Be (Para)Sympathetic,92,2,,2,tasks/lesson_be_parasympathetic.json,
337744,Spice Up Your Life,93,1,,1,tasks/lesson_curcumin_spice_up_your_life.json,
337745,Never Too Much,93,2,,2,tasks/lesson_curcumin_never_too_much.json,
337746,Curry Your Favor,93,3,,3,tasks/quiz_curcumin_curry_favor.json,
337747,Q & A – Resistant Starch,94,1,,3,tasks/lesson_video_QA_Resistant_Starch.json,
337748,It’s Easy to Eat Green,94,2,,3,tasks/quiz_easy_to_eat_green.json,
337749,Getting Sweaty,95,1,,2,tasks/lesson_sauna_intro_getting_sweaty.json,
337750,Heat It Up,95,2,,2,tasks/lesson_sauna_benefits_heat_it_up.json,
337751,Hot & Not Bothered,95,3,,3,tasks/quiz_sauna_hot_not_bothered.json,
337752,Magic Magnesium,96,1,,2,tasks/suppl_mg_lesson_magnificentMagnesium.json,
337753,Get Your Mg,96,2,,2,tasks/suppl_mg_lesson_whereDoYouGetYourMg.json,
337754,Super Mg,96,3,,2,tasks/quiz_Super_Mg.json,
337755,Longevity in a Cup,97,1,,1,tasks/lesson_Longevity_in_a_Cup.json,
337756,Tip Your Barista,97,2,,1,tasks/diet_caffeine_lesson_tipYourBarista.json,
337757,The Perfect Brew,98,1,,3,tasks/quiz_perfect_brew.json,
337758,Q & A – Coffee & Cream,98,2,,2,tasks/lesson_video_QA_coffee_and_cream.json,
337759,Exercise Snacking,99,1,,3,tasks/lesson_exercise_snacking.json,
337760,Rhymes With Wine,100,1,,1,tasks/lesson_spermidine_RhymesWine.json,
337761,Reversing Your Age,100,2,,1,tasks/lesson_spermidine_ReversingAge.json,
337762,Reboot Your Olive Oil,101,1,,2,tasks/diet_oliveOil_lesson_rebootYourOliveOil.json,
337763,Loyal to Olive Oil,101,2,,2,tasks/diet_oliveOil_lesson_loyalToOliveOil.json,
337764,Turmeric: Take Two,102,1,,1,tasks/recap_curcumin_turmeric_taketwo.json,
337765,Q&A - IMF Soup Recipe,103,1,,2,tasks/lesson_video_qa_imf_soup_recipe.json,
337766,IMF Super Soup,103,5,,2,tasks/recipe_IMF_super_soup.json,
337767,Pump it Up,104,2,,2,tasks/lesson_pump_it_up.json,
337768,Whole Health,104,3,,1,tasks/lesson_whole_health.json,
337769,Let’s HIIT It,104,4,,3,tasks/lesson_lets_hiit_it.json,
337770,Hot Take,105,2,,2,tasks/recap_Infrared_HotTake.json,
337771,"No Pain, Just Gain",105,3,,2,tasks/lesson_no_pain_just_gain.json,
337772,Overdoing is Over,105,4,,3,tasks/lesson_overdoing_over.json,
337773,Seeing the Future,106,1,,2,tasks/lesson_finance_seeing_the_future.json,
337774,Eye Spy Benefits,106,2,,2,tasks/lesson_eye_spy_benefit.json,
337775,Eyes on Diet,107,1,,3,tasks/lesson_eyes_on_diet.json,
337776,Eye Spy Tips,107,2,,3,tasks/quiz_eye_spy_tips.json,
337777,Champion Yourself,108,1,,1,tasks/lesson_champion_yourself.json,
337778,Why Advocate?,108,2,,2,tasks/lesson_why_advocate.json,
337779,Mind the Gap,109,1,,2,tasks/lesson_mind_the_gap.json,
337780,Standing Up for Care,109,2,,1,tasks/lesson_standing_up_for_care.json,
337781,Nothing But a Number,110,1,,1,tasks/lesson_nothing_but_a_number.json,
337782,Self-Advocacy 101,110,2,,3,tasks/lesson_self_advocacy.json,
337783,It's Been A While,111,11,,1,tasks/diet_bmi_its_been_awhile.json,
337784,Be Smart about Sugar,112,1,,1,tasks/lesson_be_smart_about_sugar.json,
337785,Manage Your Sugar,112,2,,1,tasks/lesson_manage_your_sugar.json,
337786,Take Charge of Sugar,113,1,,2,tasks/lesson_take_charge_of_sugar.json,
337787,Setting Sugar Straight,113,2,,3,tasks/quiz_setting_sugar_straight.json,
337788,See in Color,114,1,,1,tasks/lesson_see_in_color.json,
337789,Rich in Color,114,2,,3,tasks/quiz_rich_in_color.json,
337790,Time to Quit?,116,11,,1,tasks/reminder_time_to_quit.json,
337791,Pain Free Reps,105,5,,1,tasks/lesson_pain_free_reps.json,
337792,Chart Your Course,121,11,,2,tasks/diet_bmi_chart_your_course.json,
337793,Hindsight is 20/20,123,2,,3,tasks/lesson_hindsight_2020.json,
337794,What's Ashwagandha?,268,1,,1,tasks/lesson_Ashwagandha_intro.json,
337795,More Ashwagandha,268,2,,1,tasks/lesson_Ashwagandha_benefits.json,
337796,Ashwagandha & You,268,3,,3,tasks/quiz_Ashwagandha_recommendations.json,
337797,Time to Quit?,296,11,,1,tasks/reminder_time_to_quit.json,
337798,High Financial Stress,404,17,,1,tasks/stress_high_financial_stress.json,
337799,Food That Loves You,412,11,,1,tasks/diet_food_that_loves_you.json,
337800,Sun Up Sum Up,412,12,,2,tasks/healthyEating_lesson_eatWhenTheSunIsUpRecap.json,
337801,Sun Up Check-Up,412,13,,2,tasks/healthyEating_lesson_eatWhenTheSunIsUpCheckin.json,
337802,Cholesterol Check-Up,434,2,,1,tasks/Cholesterol_checkup.json,
337803,Raisin Reduction,449,5,,1,tasks/library_raisin_reduction.json,
337804,Physical Activity—10K a Day,500,104,,1,tasks/lesson_PhysicalActivity.json,
337805,Slow and Steady Text,500,204,,1,tasks/holdingTank_slowAndSteadyText.json,
337806,10K Steps Quiz,500,207,,3,tasks/lesson_10K_steps_quiz.json,
337807,Wanna Track Your Vitamin D?,500,305,,2,tasks/meds_lesson_wannaTrackYourVitaminD.json,
337808,Get Some Vit-D,500,319,,0,tasks/todo_getVitD.json,
337809,Let's Talk about Medication,500,1213,,2,tasks/test_video.json,
337810,Holiday Grief & Loss,500,2201,,1,tasks/lesson_holiday_grief_loss.json,
337811,End of Test Survey,500,2202,,2,tasks/feedback_survey_endOfTest.json,
337812,End of Test,500,2203,,1,tasks/special_lesson_endOfTestNotice.json,
337813,Holidays + Family,500,2204,,2,tasks/lesson_holiday_family.json,
337814,Responsible Gifting,500,2205,,1,tasks/lesson_responsible_gift_giving.json,
337815,Intermittent Fasting Quiz,500,2404,,5,tasks/quiz_intermit_fasting.json,
337816,Creatine Quiz,500,2806,,3,tasks/quiz_creatine_quiz.json,
337817,Sizzle Quizle,500,2906,,3,tasks/quiz_Sizzle_Quizle.json,
337818,BP 2nd Recap,500,3001,,2,tasks/6plus2_bloodPressure_lesson_recap.json,
337819,Vitamin D,115,1,,2,tasks/supplements_lesson_vitaminD.json,
337820,Vitamin D Deficiency,115,2,,3,tasks/vitaminD_2.json,
337821,Stress Less,504,2,,3,tasks/lesson_StressManagement_1.json,
337822,What to Do Next,505,4,,2,tasks/lesson_WhatToDoNext.json,
337823,A Bit More About Reboot,505,7,,2,tasks/video_Intro_DrMike.json,
337824,Flu Season Ready,505,11,,2,tasks/lesson_Flu_Season_Ready.json,
337825,The Year Flu By,505,12,,2,tasks/lesson_The_Year_Flu_By.json,
337826,"One, Two, Flu",505,13,,2,tasks/quiz_One_Two_Flu.json,
337827,Yes Foods,506,1,,2,tasks/lesson_YesFoods.json,
337828,No Foods,506,2,,3,tasks/lesson_NoFoods.json,
337829,How to Use Good Food,506,3,,2,tasks/lesson_IdeasOnHowToUseThem.json,
337830,A Few Good Foods,506,4,,2,tasks/diet_general_lesson_aFewGoodFoods.json,
337831,Haven't Meditated,506,5,,2,tasks/cond_HaventMeditated.json,
337832,Did Meditate,506,6,,1,tasks/cond_DidMeditate.json,
337833,You're Doing Great!,507,2,,1,tasks/lesson_YouveLearnedALot.json,
337834,You've Learned a Lot,507,3,,2,tasks/general_lesson_whatYouveLearnedRecap.json,
337835,So Insightful,507,4,,1,tasks/lesson_LookingAtInsights.json,
337836,Step Equivalents,507,5,,2,tasks/filler_StepEquivalents.json,
337837,Too Much Exercise,507,6,,1,tasks/filler_TooMuchExercise.json,
337838,Track Your Vitamin D,508,2,,1,tasks/vitaminD_tracker.json,
337839,Intro to Brain Health,509,2,,1,tasks/lesson_BrainHealth.json,
337840,Reboot 32+ Ways,509,4,,3,tasks/brain_lesson_32ways.json,
337841,Milestone 1,510,1,,2,tasks/lesson_Milestone1.json,
337842,"10 Days, 10 Yays!",510,3,,1,tasks/physact_general_lesson_timeToConsolidate.json,
337843,10K Steps Recap,510,4,,2,tasks/physact_10k_lesson_10kRecap.json,
337844,10 Day Survey,510,5,FEEDBACK,3,tasks/lesson_10Days_Survey.json,
337845,Check-In on Your Steps,510,6,,2,tasks/physact_general_lesson_checkIn.json,
337846,Get those step credits!,510,7,,2,tasks/step_equiv.json,
337847,Review Your Steps,510,8,,1,tasks/kris_review_steps.json,
337848,Feedback,513,3,,2,tasks/lesson_Feedback.json,
337849,Sun Fun,600,2,,2,tasks/other_sunscreen_lesson_sunFun.json,
337850,Sun Safety First,600,4,,2,tasks/other_sunscreen_lesson_sunSafetyFirst.json,
337851,Sun Scream,600,5,,2,tasks/other_sunscreen_lesson_sunScream.json,
337852,Walking 10k,600,203,,2,tasks/physicalActivity_lesson_walking10k.json,
337853,Sunny Daze,600,2903,,2,tasks/other_sunscreen_lesson_sunnyDaze.json,
337854,Salmon Test Video,601,51,,11,tasks/salmonTest.json,
337855,Grant Sleep Permissions,0,0,,1,tasks/permission_sleeps.json,
337856,Walk {{format step_goal 'n0' }} Steps,0,0,EXERCISE,0,tasks/progressbar_log_steps.json,
337857,Enjoy Your Trial,0,0,,1,tasks/subs_reminder_day2.json,
337858,Trial Reminder,0,0,,1,tasks/subs_reminder_day5.json,
337859,Trial Ending Soon,0,0,,1,tasks/subs_reminder_day8.json,
337860,Achievement Weekly Step Goal,0,0,Achievement unlocked!,1,tasks/activity_increase_step_goal.json,
337863,saiii,1,422,test,,,5555
337864,sai,44,422,test,,,222
337866,testt,22,422,test,,,5555
337867,test,44,422,test,,xyzzz,42
337868,test,44,422,test,,aswdas,4288
337869,test11,1,422,hii,,testtt,428
337870,saai,44,422,test,,testtt,555
337871,j,4,5,df,,lll,676
337872,j,4,5,df,,lll,676
337873,,0,0,,,,0
337874,,0,0,,,,0
337875,,0,0,,,,0
337876,,0,0,,,,0
